agreement	disagreement	correct_verb	incorrect_verb	subject_index	verb_index	number1	completed
De inwoner begrijpt	De inwoner begrijpen	begrijpt	begrijpen	1	2	singular	De inwoner begrijpt de persoon.
De inwoner vertrouwt	De inwoner vertrouwen	vertrouwt	vertrouwen	1	2	singular	De inwoner vertrouwt de persoon.
De inwoner verleidt	De inwoner verleiden	verleidt	verleiden	1	2	singular	De inwoner verleidt de persoon.
De inwoner ziet	De inwoner zien	ziet	zien	1	2	singular	De inwoner ziet de persoon.
De inwoner vermijdt	De inwoner vermijden	vermijdt	vermijden	1	2	singular	De inwoner vermijdt de persoon.
De inwoner onderzoekt	De inwoner onderzoeken	onderzoekt	onderzoeken	1	2	singular	De inwoner onderzoekt de persoon.
De inwoner groet	De inwoner groeten	groet	groeten	1	2	singular	De inwoner groet de persoon.
De inwoner stimuleert	De inwoner stimuleren	stimuleert	stimuleren	1	2	singular	De inwoner stimuleert de persoon.
De inwoner herkent	De inwoner herkennen	herkent	herkennen	1	2	singular	De inwoner herkent de persoon.
De inwoner hoort	De inwoner horen	hoort	horen	1	2	singular	De inwoner hoort de persoon.
De inwoner bekritiseert	De inwoner bekritiseren	bekritiseert	bekritiseren	1	2	singular	De inwoner bekritiseert de persoon.
De inwoner kent	De inwoner kennen	kent	kennen	1	2	singular	De inwoner kent de persoon.
De inwoner roept	De inwoner roepen	roept	roepen	1	2	singular	De inwoner roept de persoon.
De inwoner mist	De inwoner missen	mist	missen	1	2	singular	De inwoner mist de persoon.
De oom begrijpt	De oom begrijpen	begrijpt	begrijpen	1	2	singular	De oom begrijpt de persoon.
De oom vertrouwt	De oom vertrouwen	vertrouwt	vertrouwen	1	2	singular	De oom vertrouwt de persoon.
De oom verleidt	De oom verleiden	verleidt	verleiden	1	2	singular	De oom verleidt de persoon.
De oom ziet	De oom zien	ziet	zien	1	2	singular	De oom ziet de persoon.
De oom vermijdt	De oom vermijden	vermijdt	vermijden	1	2	singular	De oom vermijdt de persoon.
De oom onderzoekt	De oom onderzoeken	onderzoekt	onderzoeken	1	2	singular	De oom onderzoekt de persoon.
De oom groet	De oom groeten	groet	groeten	1	2	singular	De oom groet de persoon.
De oom stimuleert	De oom stimuleren	stimuleert	stimuleren	1	2	singular	De oom stimuleert de persoon.
De oom herkent	De oom herkennen	herkent	herkennen	1	2	singular	De oom herkent de persoon.
De oom hoort	De oom horen	hoort	horen	1	2	singular	De oom hoort de persoon.
De oom bekritiseert	De oom bekritiseren	bekritiseert	bekritiseren	1	2	singular	De oom bekritiseert de persoon.
De oom kent	De oom kennen	kent	kennen	1	2	singular	De oom kent de persoon.
De oom roept	De oom roepen	roept	roepen	1	2	singular	De oom roept de persoon.
De oom mist	De oom missen	mist	missen	1	2	singular	De oom mist de persoon.
De meid begrijpt	De meid begrijpen	begrijpt	begrijpen	1	2	singular	De meid begrijpt de persoon.
De meid vertrouwt	De meid vertrouwen	vertrouwt	vertrouwen	1	2	singular	De meid vertrouwt de persoon.
De meid verleidt	De meid verleiden	verleidt	verleiden	1	2	singular	De meid verleidt de persoon.
De meid ziet	De meid zien	ziet	zien	1	2	singular	De meid ziet de persoon.
De meid vermijdt	De meid vermijden	vermijdt	vermijden	1	2	singular	De meid vermijdt de persoon.
De meid onderzoekt	De meid onderzoeken	onderzoekt	onderzoeken	1	2	singular	De meid onderzoekt de persoon.
De meid groet	De meid groeten	groet	groeten	1	2	singular	De meid groet de persoon.
De meid stimuleert	De meid stimuleren	stimuleert	stimuleren	1	2	singular	De meid stimuleert de persoon.
De meid herkent	De meid herkennen	herkent	herkennen	1	2	singular	De meid herkent de persoon.
De meid hoort	De meid horen	hoort	horen	1	2	singular	De meid hoort de persoon.
De meid bekritiseert	De meid bekritiseren	bekritiseert	bekritiseren	1	2	singular	De meid bekritiseert de persoon.
De meid kent	De meid kennen	kent	kennen	1	2	singular	De meid kent de persoon.
De meid roept	De meid roepen	roept	roepen	1	2	singular	De meid roept de persoon.
De meid mist	De meid missen	mist	missen	1	2	singular	De meid mist de persoon.
De jongen begrijpt	De jongen begrijpen	begrijpt	begrijpen	1	2	singular	De jongen begrijpt de persoon.
De jongen vertrouwt	De jongen vertrouwen	vertrouwt	vertrouwen	1	2	singular	De jongen vertrouwt de persoon.
De jongen verleidt	De jongen verleiden	verleidt	verleiden	1	2	singular	De jongen verleidt de persoon.
De jongen ziet	De jongen zien	ziet	zien	1	2	singular	De jongen ziet de persoon.
De jongen vermijdt	De jongen vermijden	vermijdt	vermijden	1	2	singular	De jongen vermijdt de persoon.
De jongen onderzoekt	De jongen onderzoeken	onderzoekt	onderzoeken	1	2	singular	De jongen onderzoekt de persoon.
De jongen groet	De jongen groeten	groet	groeten	1	2	singular	De jongen groet de persoon.
De jongen stimuleert	De jongen stimuleren	stimuleert	stimuleren	1	2	singular	De jongen stimuleert de persoon.
De jongen herkent	De jongen herkennen	herkent	herkennen	1	2	singular	De jongen herkent de persoon.
De jongen hoort	De jongen horen	hoort	horen	1	2	singular	De jongen hoort de persoon.
De jongen bekritiseert	De jongen bekritiseren	bekritiseert	bekritiseren	1	2	singular	De jongen bekritiseert de persoon.
De jongen kent	De jongen kennen	kent	kennen	1	2	singular	De jongen kent de persoon.
De jongen roept	De jongen roepen	roept	roepen	1	2	singular	De jongen roept de persoon.
De jongen mist	De jongen missen	mist	missen	1	2	singular	De jongen mist de persoon.
De persoon begrijpt	De persoon begrijpen	begrijpt	begrijpen	1	2	singular	De persoon begrijpt de persoon.
De persoon vertrouwt	De persoon vertrouwen	vertrouwt	vertrouwen	1	2	singular	De persoon vertrouwt de persoon.
De persoon verleidt	De persoon verleiden	verleidt	verleiden	1	2	singular	De persoon verleidt de persoon.
De persoon ziet	De persoon zien	ziet	zien	1	2	singular	De persoon ziet de persoon.
De persoon vermijdt	De persoon vermijden	vermijdt	vermijden	1	2	singular	De persoon vermijdt de persoon.
De persoon onderzoekt	De persoon onderzoeken	onderzoekt	onderzoeken	1	2	singular	De persoon onderzoekt de persoon.
De persoon groet	De persoon groeten	groet	groeten	1	2	singular	De persoon groet de persoon.
De persoon stimuleert	De persoon stimuleren	stimuleert	stimuleren	1	2	singular	De persoon stimuleert de persoon.
De persoon herkent	De persoon herkennen	herkent	herkennen	1	2	singular	De persoon herkent de persoon.
De persoon hoort	De persoon horen	hoort	horen	1	2	singular	De persoon hoort de persoon.
De persoon bekritiseert	De persoon bekritiseren	bekritiseert	bekritiseren	1	2	singular	De persoon bekritiseert de persoon.
De persoon kent	De persoon kennen	kent	kennen	1	2	singular	De persoon kent de persoon.
De persoon roept	De persoon roepen	roept	roepen	1	2	singular	De persoon roept de persoon.
De persoon mist	De persoon missen	mist	missen	1	2	singular	De persoon mist de persoon.
De zanger begrijpt	De zanger begrijpen	begrijpt	begrijpen	1	2	singular	De zanger begrijpt de persoon.
De zanger vertrouwt	De zanger vertrouwen	vertrouwt	vertrouwen	1	2	singular	De zanger vertrouwt de persoon.
De zanger verleidt	De zanger verleiden	verleidt	verleiden	1	2	singular	De zanger verleidt de persoon.
De zanger ziet	De zanger zien	ziet	zien	1	2	singular	De zanger ziet de persoon.
De zanger vermijdt	De zanger vermijden	vermijdt	vermijden	1	2	singular	De zanger vermijdt de persoon.
De zanger onderzoekt	De zanger onderzoeken	onderzoekt	onderzoeken	1	2	singular	De zanger onderzoekt de persoon.
De zanger groet	De zanger groeten	groet	groeten	1	2	singular	De zanger groet de persoon.
De zanger stimuleert	De zanger stimuleren	stimuleert	stimuleren	1	2	singular	De zanger stimuleert de persoon.
De zanger herkent	De zanger herkennen	herkent	herkennen	1	2	singular	De zanger herkent de persoon.
De zanger hoort	De zanger horen	hoort	horen	1	2	singular	De zanger hoort de persoon.
De zanger bekritiseert	De zanger bekritiseren	bekritiseert	bekritiseren	1	2	singular	De zanger bekritiseert de persoon.
De zanger kent	De zanger kennen	kent	kennen	1	2	singular	De zanger kent de persoon.
De zanger roept	De zanger roepen	roept	roepen	1	2	singular	De zanger roept de persoon.
De zanger mist	De zanger missen	mist	missen	1	2	singular	De zanger mist de persoon.
De moeder begrijpt	De moeder begrijpen	begrijpt	begrijpen	1	2	singular	De moeder begrijpt de persoon.
De moeder vertrouwt	De moeder vertrouwen	vertrouwt	vertrouwen	1	2	singular	De moeder vertrouwt de persoon.
De moeder verleidt	De moeder verleiden	verleidt	verleiden	1	2	singular	De moeder verleidt de persoon.
De moeder ziet	De moeder zien	ziet	zien	1	2	singular	De moeder ziet de persoon.
De moeder vermijdt	De moeder vermijden	vermijdt	vermijden	1	2	singular	De moeder vermijdt de persoon.
De moeder onderzoekt	De moeder onderzoeken	onderzoekt	onderzoeken	1	2	singular	De moeder onderzoekt de persoon.
De moeder groet	De moeder groeten	groet	groeten	1	2	singular	De moeder groet de persoon.
De moeder stimuleert	De moeder stimuleren	stimuleert	stimuleren	1	2	singular	De moeder stimuleert de persoon.
De moeder herkent	De moeder herkennen	herkent	herkennen	1	2	singular	De moeder herkent de persoon.
De moeder hoort	De moeder horen	hoort	horen	1	2	singular	De moeder hoort de persoon.
De moeder bekritiseert	De moeder bekritiseren	bekritiseert	bekritiseren	1	2	singular	De moeder bekritiseert de persoon.
De moeder kent	De moeder kennen	kent	kennen	1	2	singular	De moeder kent de persoon.
De moeder roept	De moeder roepen	roept	roepen	1	2	singular	De moeder roept de persoon.
De moeder mist	De moeder missen	mist	missen	1	2	singular	De moeder mist de persoon.
De dichter begrijpt	De dichter begrijpen	begrijpt	begrijpen	1	2	singular	De dichter begrijpt de persoon.
De dichter vertrouwt	De dichter vertrouwen	vertrouwt	vertrouwen	1	2	singular	De dichter vertrouwt de persoon.
De dichter verleidt	De dichter verleiden	verleidt	verleiden	1	2	singular	De dichter verleidt de persoon.
De dichter ziet	De dichter zien	ziet	zien	1	2	singular	De dichter ziet de persoon.
De dichter vermijdt	De dichter vermijden	vermijdt	vermijden	1	2	singular	De dichter vermijdt de persoon.
De dichter onderzoekt	De dichter onderzoeken	onderzoekt	onderzoeken	1	2	singular	De dichter onderzoekt de persoon.
De dichter groet	De dichter groeten	groet	groeten	1	2	singular	De dichter groet de persoon.
De dichter stimuleert	De dichter stimuleren	stimuleert	stimuleren	1	2	singular	De dichter stimuleert de persoon.
De dichter herkent	De dichter herkennen	herkent	herkennen	1	2	singular	De dichter herkent de persoon.
De dichter hoort	De dichter horen	hoort	horen	1	2	singular	De dichter hoort de persoon.
De dichter bekritiseert	De dichter bekritiseren	bekritiseert	bekritiseren	1	2	singular	De dichter bekritiseert de persoon.
De dichter kent	De dichter kennen	kent	kennen	1	2	singular	De dichter kent de persoon.
De dichter roept	De dichter roepen	roept	roepen	1	2	singular	De dichter roept de persoon.
De dichter mist	De dichter missen	mist	missen	1	2	singular	De dichter mist de persoon.
De advocaat begrijpt	De advocaat begrijpen	begrijpt	begrijpen	1	2	singular	De advocaat begrijpt de persoon.
De advocaat vertrouwt	De advocaat vertrouwen	vertrouwt	vertrouwen	1	2	singular	De advocaat vertrouwt de persoon.
De advocaat verleidt	De advocaat verleiden	verleidt	verleiden	1	2	singular	De advocaat verleidt de persoon.
De advocaat ziet	De advocaat zien	ziet	zien	1	2	singular	De advocaat ziet de persoon.
De advocaat vermijdt	De advocaat vermijden	vermijdt	vermijden	1	2	singular	De advocaat vermijdt de persoon.
De advocaat onderzoekt	De advocaat onderzoeken	onderzoekt	onderzoeken	1	2	singular	De advocaat onderzoekt de persoon.
De advocaat groet	De advocaat groeten	groet	groeten	1	2	singular	De advocaat groet de persoon.
De advocaat stimuleert	De advocaat stimuleren	stimuleert	stimuleren	1	2	singular	De advocaat stimuleert de persoon.
De advocaat herkent	De advocaat herkennen	herkent	herkennen	1	2	singular	De advocaat herkent de persoon.
De advocaat hoort	De advocaat horen	hoort	horen	1	2	singular	De advocaat hoort de persoon.
De advocaat bekritiseert	De advocaat bekritiseren	bekritiseert	bekritiseren	1	2	singular	De advocaat bekritiseert de persoon.
De advocaat kent	De advocaat kennen	kent	kennen	1	2	singular	De advocaat kent de persoon.
De advocaat roept	De advocaat roepen	roept	roepen	1	2	singular	De advocaat roept de persoon.
De advocaat mist	De advocaat missen	mist	missen	1	2	singular	De advocaat mist de persoon.
De tante begrijpt	De tante begrijpen	begrijpt	begrijpen	1	2	singular	De tante begrijpt de persoon.
De tante vertrouwt	De tante vertrouwen	vertrouwt	vertrouwen	1	2	singular	De tante vertrouwt de persoon.
De tante verleidt	De tante verleiden	verleidt	verleiden	1	2	singular	De tante verleidt de persoon.
De tante ziet	De tante zien	ziet	zien	1	2	singular	De tante ziet de persoon.
De tante vermijdt	De tante vermijden	vermijdt	vermijden	1	2	singular	De tante vermijdt de persoon.
De tante onderzoekt	De tante onderzoeken	onderzoekt	onderzoeken	1	2	singular	De tante onderzoekt de persoon.
De tante groet	De tante groeten	groet	groeten	1	2	singular	De tante groet de persoon.
De tante stimuleert	De tante stimuleren	stimuleert	stimuleren	1	2	singular	De tante stimuleert de persoon.
De tante herkent	De tante herkennen	herkent	herkennen	1	2	singular	De tante herkent de persoon.
De tante hoort	De tante horen	hoort	horen	1	2	singular	De tante hoort de persoon.
De tante bekritiseert	De tante bekritiseren	bekritiseert	bekritiseren	1	2	singular	De tante bekritiseert de persoon.
De tante kent	De tante kennen	kent	kennen	1	2	singular	De tante kent de persoon.
De tante roept	De tante roepen	roept	roepen	1	2	singular	De tante roept de persoon.
De tante mist	De tante missen	mist	missen	1	2	singular	De tante mist de persoon.
De man begrijpt	De man begrijpen	begrijpt	begrijpen	1	2	singular	De man begrijpt de persoon.
De man vertrouwt	De man vertrouwen	vertrouwt	vertrouwen	1	2	singular	De man vertrouwt de persoon.
De man verleidt	De man verleiden	verleidt	verleiden	1	2	singular	De man verleidt de persoon.
De man ziet	De man zien	ziet	zien	1	2	singular	De man ziet de persoon.
De man vermijdt	De man vermijden	vermijdt	vermijden	1	2	singular	De man vermijdt de persoon.
De man onderzoekt	De man onderzoeken	onderzoekt	onderzoeken	1	2	singular	De man onderzoekt de persoon.
De man groet	De man groeten	groet	groeten	1	2	singular	De man groet de persoon.
De man stimuleert	De man stimuleren	stimuleert	stimuleren	1	2	singular	De man stimuleert de persoon.
De man herkent	De man herkennen	herkent	herkennen	1	2	singular	De man herkent de persoon.
De man hoort	De man horen	hoort	horen	1	2	singular	De man hoort de persoon.
De man bekritiseert	De man bekritiseren	bekritiseert	bekritiseren	1	2	singular	De man bekritiseert de persoon.
De man kent	De man kennen	kent	kennen	1	2	singular	De man kent de persoon.
De man roept	De man roepen	roept	roepen	1	2	singular	De man roept de persoon.
De man mist	De man missen	mist	missen	1	2	singular	De man mist de persoon.
De vader begrijpt	De vader begrijpen	begrijpt	begrijpen	1	2	singular	De vader begrijpt de persoon.
De vader vertrouwt	De vader vertrouwen	vertrouwt	vertrouwen	1	2	singular	De vader vertrouwt de persoon.
De vader verleidt	De vader verleiden	verleidt	verleiden	1	2	singular	De vader verleidt de persoon.
De vader ziet	De vader zien	ziet	zien	1	2	singular	De vader ziet de persoon.
De vader vermijdt	De vader vermijden	vermijdt	vermijden	1	2	singular	De vader vermijdt de persoon.
De vader onderzoekt	De vader onderzoeken	onderzoekt	onderzoeken	1	2	singular	De vader onderzoekt de persoon.
De vader groet	De vader groeten	groet	groeten	1	2	singular	De vader groet de persoon.
De vader stimuleert	De vader stimuleren	stimuleert	stimuleren	1	2	singular	De vader stimuleert de persoon.
De vader herkent	De vader herkennen	herkent	herkennen	1	2	singular	De vader herkent de persoon.
De vader hoort	De vader horen	hoort	horen	1	2	singular	De vader hoort de persoon.
De vader bekritiseert	De vader bekritiseren	bekritiseert	bekritiseren	1	2	singular	De vader bekritiseert de persoon.
De vader kent	De vader kennen	kent	kennen	1	2	singular	De vader kent de persoon.
De vader roept	De vader roepen	roept	roepen	1	2	singular	De vader roept de persoon.
De vader mist	De vader missen	mist	missen	1	2	singular	De vader mist de persoon.
De dokter begrijpt	De dokter begrijpen	begrijpt	begrijpen	1	2	singular	De dokter begrijpt de persoon.
De dokter vertrouwt	De dokter vertrouwen	vertrouwt	vertrouwen	1	2	singular	De dokter vertrouwt de persoon.
De dokter verleidt	De dokter verleiden	verleidt	verleiden	1	2	singular	De dokter verleidt de persoon.
De dokter ziet	De dokter zien	ziet	zien	1	2	singular	De dokter ziet de persoon.
De dokter vermijdt	De dokter vermijden	vermijdt	vermijden	1	2	singular	De dokter vermijdt de persoon.
De dokter onderzoekt	De dokter onderzoeken	onderzoekt	onderzoeken	1	2	singular	De dokter onderzoekt de persoon.
De dokter groet	De dokter groeten	groet	groeten	1	2	singular	De dokter groet de persoon.
De dokter stimuleert	De dokter stimuleren	stimuleert	stimuleren	1	2	singular	De dokter stimuleert de persoon.
De dokter herkent	De dokter herkennen	herkent	herkennen	1	2	singular	De dokter herkent de persoon.
De dokter hoort	De dokter horen	hoort	horen	1	2	singular	De dokter hoort de persoon.
De dokter bekritiseert	De dokter bekritiseren	bekritiseert	bekritiseren	1	2	singular	De dokter bekritiseert de persoon.
De dokter kent	De dokter kennen	kent	kennen	1	2	singular	De dokter kent de persoon.
De dokter roept	De dokter roepen	roept	roepen	1	2	singular	De dokter roept de persoon.
De dokter mist	De dokter missen	mist	missen	1	2	singular	De dokter mist de persoon.
De vriend begrijpt	De vriend begrijpen	begrijpt	begrijpen	1	2	singular	De vriend begrijpt de persoon.
De vriend vertrouwt	De vriend vertrouwen	vertrouwt	vertrouwen	1	2	singular	De vriend vertrouwt de persoon.
De vriend verleidt	De vriend verleiden	verleidt	verleiden	1	2	singular	De vriend verleidt de persoon.
De vriend ziet	De vriend zien	ziet	zien	1	2	singular	De vriend ziet de persoon.
De vriend vermijdt	De vriend vermijden	vermijdt	vermijden	1	2	singular	De vriend vermijdt de persoon.
De vriend onderzoekt	De vriend onderzoeken	onderzoekt	onderzoeken	1	2	singular	De vriend onderzoekt de persoon.
De vriend groet	De vriend groeten	groet	groeten	1	2	singular	De vriend groet de persoon.
De vriend stimuleert	De vriend stimuleren	stimuleert	stimuleren	1	2	singular	De vriend stimuleert de persoon.
De vriend herkent	De vriend herkennen	herkent	herkennen	1	2	singular	De vriend herkent de persoon.
De vriend hoort	De vriend horen	hoort	horen	1	2	singular	De vriend hoort de persoon.
De vriend bekritiseert	De vriend bekritiseren	bekritiseert	bekritiseren	1	2	singular	De vriend bekritiseert de persoon.
De vriend kent	De vriend kennen	kent	kennen	1	2	singular	De vriend kent de persoon.
De vriend roept	De vriend roepen	roept	roepen	1	2	singular	De vriend roept de persoon.
De vriend mist	De vriend missen	mist	missen	1	2	singular	De vriend mist de persoon.
De boer begrijpt	De boer begrijpen	begrijpt	begrijpen	1	2	singular	De boer begrijpt de persoon.
De boer vertrouwt	De boer vertrouwen	vertrouwt	vertrouwen	1	2	singular	De boer vertrouwt de persoon.
De boer verleidt	De boer verleiden	verleidt	verleiden	1	2	singular	De boer verleidt de persoon.
De boer ziet	De boer zien	ziet	zien	1	2	singular	De boer ziet de persoon.
De boer vermijdt	De boer vermijden	vermijdt	vermijden	1	2	singular	De boer vermijdt de persoon.
De boer onderzoekt	De boer onderzoeken	onderzoekt	onderzoeken	1	2	singular	De boer onderzoekt de persoon.
De boer groet	De boer groeten	groet	groeten	1	2	singular	De boer groet de persoon.
De boer stimuleert	De boer stimuleren	stimuleert	stimuleren	1	2	singular	De boer stimuleert de persoon.
De boer herkent	De boer herkennen	herkent	herkennen	1	2	singular	De boer herkent de persoon.
De boer hoort	De boer horen	hoort	horen	1	2	singular	De boer hoort de persoon.
De boer bekritiseert	De boer bekritiseren	bekritiseert	bekritiseren	1	2	singular	De boer bekritiseert de persoon.
De boer kent	De boer kennen	kent	kennen	1	2	singular	De boer kent de persoon.
De boer roept	De boer roepen	roept	roepen	1	2	singular	De boer roept de persoon.
De boer mist	De boer missen	mist	missen	1	2	singular	De boer mist de persoon.
De schrijver begrijpt	De schrijver begrijpen	begrijpt	begrijpen	1	2	singular	De schrijver begrijpt de persoon.
De schrijver vertrouwt	De schrijver vertrouwen	vertrouwt	vertrouwen	1	2	singular	De schrijver vertrouwt de persoon.
De schrijver verleidt	De schrijver verleiden	verleidt	verleiden	1	2	singular	De schrijver verleidt de persoon.
De schrijver ziet	De schrijver zien	ziet	zien	1	2	singular	De schrijver ziet de persoon.
De schrijver vermijdt	De schrijver vermijden	vermijdt	vermijden	1	2	singular	De schrijver vermijdt de persoon.
De schrijver onderzoekt	De schrijver onderzoeken	onderzoekt	onderzoeken	1	2	singular	De schrijver onderzoekt de persoon.
De schrijver groet	De schrijver groeten	groet	groeten	1	2	singular	De schrijver groet de persoon.
De schrijver stimuleert	De schrijver stimuleren	stimuleert	stimuleren	1	2	singular	De schrijver stimuleert de persoon.
De schrijver herkent	De schrijver herkennen	herkent	herkennen	1	2	singular	De schrijver herkent de persoon.
De schrijver hoort	De schrijver horen	hoort	horen	1	2	singular	De schrijver hoort de persoon.
De schrijver bekritiseert	De schrijver bekritiseren	bekritiseert	bekritiseren	1	2	singular	De schrijver bekritiseert de persoon.
De schrijver kent	De schrijver kennen	kent	kennen	1	2	singular	De schrijver kent de persoon.
De schrijver roept	De schrijver roepen	roept	roepen	1	2	singular	De schrijver roept de persoon.
De schrijver mist	De schrijver missen	mist	missen	1	2	singular	De schrijver mist de persoon.
De leraar begrijpt	De leraar begrijpen	begrijpt	begrijpen	1	2	singular	De leraar begrijpt de persoon.
De leraar vertrouwt	De leraar vertrouwen	vertrouwt	vertrouwen	1	2	singular	De leraar vertrouwt de persoon.
De leraar verleidt	De leraar verleiden	verleidt	verleiden	1	2	singular	De leraar verleidt de persoon.
De leraar ziet	De leraar zien	ziet	zien	1	2	singular	De leraar ziet de persoon.
De leraar vermijdt	De leraar vermijden	vermijdt	vermijden	1	2	singular	De leraar vermijdt de persoon.
De leraar onderzoekt	De leraar onderzoeken	onderzoekt	onderzoeken	1	2	singular	De leraar onderzoekt de persoon.
De leraar groet	De leraar groeten	groet	groeten	1	2	singular	De leraar groet de persoon.
De leraar stimuleert	De leraar stimuleren	stimuleert	stimuleren	1	2	singular	De leraar stimuleert de persoon.
De leraar herkent	De leraar herkennen	herkent	herkennen	1	2	singular	De leraar herkent de persoon.
De leraar hoort	De leraar horen	hoort	horen	1	2	singular	De leraar hoort de persoon.
De leraar bekritiseert	De leraar bekritiseren	bekritiseert	bekritiseren	1	2	singular	De leraar bekritiseert de persoon.
De leraar kent	De leraar kennen	kent	kennen	1	2	singular	De leraar kent de persoon.
De leraar roept	De leraar roepen	roept	roepen	1	2	singular	De leraar roept de persoon.
De leraar mist	De leraar missen	mist	missen	1	2	singular	De leraar mist de persoon.
De vrouw begrijpt	De vrouw begrijpen	begrijpt	begrijpen	1	2	singular	De vrouw begrijpt de persoon.
De vrouw vertrouwt	De vrouw vertrouwen	vertrouwt	vertrouwen	1	2	singular	De vrouw vertrouwt de persoon.
De vrouw verleidt	De vrouw verleiden	verleidt	verleiden	1	2	singular	De vrouw verleidt de persoon.
De vrouw ziet	De vrouw zien	ziet	zien	1	2	singular	De vrouw ziet de persoon.
De vrouw vermijdt	De vrouw vermijden	vermijdt	vermijden	1	2	singular	De vrouw vermijdt de persoon.
De vrouw onderzoekt	De vrouw onderzoeken	onderzoekt	onderzoeken	1	2	singular	De vrouw onderzoekt de persoon.
De vrouw groet	De vrouw groeten	groet	groeten	1	2	singular	De vrouw groet de persoon.
De vrouw stimuleert	De vrouw stimuleren	stimuleert	stimuleren	1	2	singular	De vrouw stimuleert de persoon.
De vrouw herkent	De vrouw herkennen	herkent	herkennen	1	2	singular	De vrouw herkent de persoon.
De vrouw hoort	De vrouw horen	hoort	horen	1	2	singular	De vrouw hoort de persoon.
De vrouw bekritiseert	De vrouw bekritiseren	bekritiseert	bekritiseren	1	2	singular	De vrouw bekritiseert de persoon.
De vrouw kent	De vrouw kennen	kent	kennen	1	2	singular	De vrouw kent de persoon.
De vrouw roept	De vrouw roepen	roept	roepen	1	2	singular	De vrouw roept de persoon.
De vrouw mist	De vrouw missen	mist	missen	1	2	singular	De vrouw mist de persoon.
De atleet begrijpt	De atleet begrijpen	begrijpt	begrijpen	1	2	singular	De atleet begrijpt de persoon.
De atleet vertrouwt	De atleet vertrouwen	vertrouwt	vertrouwen	1	2	singular	De atleet vertrouwt de persoon.
De atleet verleidt	De atleet verleiden	verleidt	verleiden	1	2	singular	De atleet verleidt de persoon.
De atleet ziet	De atleet zien	ziet	zien	1	2	singular	De atleet ziet de persoon.
De atleet vermijdt	De atleet vermijden	vermijdt	vermijden	1	2	singular	De atleet vermijdt de persoon.
De atleet onderzoekt	De atleet onderzoeken	onderzoekt	onderzoeken	1	2	singular	De atleet onderzoekt de persoon.
De atleet groet	De atleet groeten	groet	groeten	1	2	singular	De atleet groet de persoon.
De atleet stimuleert	De atleet stimuleren	stimuleert	stimuleren	1	2	singular	De atleet stimuleert de persoon.
De atleet herkent	De atleet herkennen	herkent	herkennen	1	2	singular	De atleet herkent de persoon.
De atleet hoort	De atleet horen	hoort	horen	1	2	singular	De atleet hoort de persoon.
De atleet bekritiseert	De atleet bekritiseren	bekritiseert	bekritiseren	1	2	singular	De atleet bekritiseert de persoon.
De atleet kent	De atleet kennen	kent	kennen	1	2	singular	De atleet kent de persoon.
De atleet roept	De atleet roepen	roept	roepen	1	2	singular	De atleet roept de persoon.
De atleet mist	De atleet missen	mist	missen	1	2	singular	De atleet mist de persoon.
De inwoners begrijpen	De inwoners begrijpt	begrijpen	begrijpt	1	2	plural	De inwoners begrijpen de persoon.
De inwoners vertrouwen	De inwoners vertrouwt	vertrouwen	vertrouwt	1	2	plural	De inwoners vertrouwen de persoon.
De inwoners verleiden	De inwoners verleidt	verleiden	verleidt	1	2	plural	De inwoners verleiden de persoon.
De inwoners zien	De inwoners ziet	zien	ziet	1	2	plural	De inwoners zien de persoon.
De inwoners vermijden	De inwoners vermijdt	vermijden	vermijdt	1	2	plural	De inwoners vermijden de persoon.
De inwoners onderzoeken	De inwoners onderzoekt	onderzoeken	onderzoekt	1	2	plural	De inwoners onderzoeken de persoon.
De inwoners groeten	De inwoners groet	groeten	groet	1	2	plural	De inwoners groeten de persoon.
De inwoners stimuleren	De inwoners stimuleert	stimuleren	stimuleert	1	2	plural	De inwoners stimuleren de persoon.
De inwoners herkennen	De inwoners herkent	herkennen	herkent	1	2	plural	De inwoners herkennen de persoon.
De inwoners horen	De inwoners hoort	horen	hoort	1	2	plural	De inwoners horen de persoon.
De inwoners bekritiseren	De inwoners bekritiseert	bekritiseren	bekritiseert	1	2	plural	De inwoners bekritiseren de persoon.
De inwoners kennen	De inwoners kent	kennen	kent	1	2	plural	De inwoners kennen de persoon.
De inwoners roepen	De inwoners roept	roepen	roept	1	2	plural	De inwoners roepen de persoon.
De inwoners missen	De inwoners mist	missen	mist	1	2	plural	De inwoners missen de persoon.
De ooms begrijpen	De ooms begrijpt	begrijpen	begrijpt	1	2	plural	De ooms begrijpen de persoon.
De ooms vertrouwen	De ooms vertrouwt	vertrouwen	vertrouwt	1	2	plural	De ooms vertrouwen de persoon.
De ooms verleiden	De ooms verleidt	verleiden	verleidt	1	2	plural	De ooms verleiden de persoon.
De ooms zien	De ooms ziet	zien	ziet	1	2	plural	De ooms zien de persoon.
De ooms vermijden	De ooms vermijdt	vermijden	vermijdt	1	2	plural	De ooms vermijden de persoon.
De ooms onderzoeken	De ooms onderzoekt	onderzoeken	onderzoekt	1	2	plural	De ooms onderzoeken de persoon.
De ooms groeten	De ooms groet	groeten	groet	1	2	plural	De ooms groeten de persoon.
De ooms stimuleren	De ooms stimuleert	stimuleren	stimuleert	1	2	plural	De ooms stimuleren de persoon.
De ooms herkennen	De ooms herkent	herkennen	herkent	1	2	plural	De ooms herkennen de persoon.
De ooms horen	De ooms hoort	horen	hoort	1	2	plural	De ooms horen de persoon.
De ooms bekritiseren	De ooms bekritiseert	bekritiseren	bekritiseert	1	2	plural	De ooms bekritiseren de persoon.
De ooms kennen	De ooms kent	kennen	kent	1	2	plural	De ooms kennen de persoon.
De ooms roepen	De ooms roept	roepen	roept	1	2	plural	De ooms roepen de persoon.
De ooms missen	De ooms mist	missen	mist	1	2	plural	De ooms missen de persoon.
De meiden begrijpen	De meiden begrijpt	begrijpen	begrijpt	1	2	plural	De meiden begrijpen de persoon.
De meiden vertrouwen	De meiden vertrouwt	vertrouwen	vertrouwt	1	2	plural	De meiden vertrouwen de persoon.
De meiden verleiden	De meiden verleidt	verleiden	verleidt	1	2	plural	De meiden verleiden de persoon.
De meiden zien	De meiden ziet	zien	ziet	1	2	plural	De meiden zien de persoon.
De meiden vermijden	De meiden vermijdt	vermijden	vermijdt	1	2	plural	De meiden vermijden de persoon.
De meiden onderzoeken	De meiden onderzoekt	onderzoeken	onderzoekt	1	2	plural	De meiden onderzoeken de persoon.
De meiden groeten	De meiden groet	groeten	groet	1	2	plural	De meiden groeten de persoon.
De meiden stimuleren	De meiden stimuleert	stimuleren	stimuleert	1	2	plural	De meiden stimuleren de persoon.
De meiden herkennen	De meiden herkent	herkennen	herkent	1	2	plural	De meiden herkennen de persoon.
De meiden horen	De meiden hoort	horen	hoort	1	2	plural	De meiden horen de persoon.
De meiden bekritiseren	De meiden bekritiseert	bekritiseren	bekritiseert	1	2	plural	De meiden bekritiseren de persoon.
De meiden kennen	De meiden kent	kennen	kent	1	2	plural	De meiden kennen de persoon.
De meiden roepen	De meiden roept	roepen	roept	1	2	plural	De meiden roepen de persoon.
De meiden missen	De meiden mist	missen	mist	1	2	plural	De meiden missen de persoon.
De jongens begrijpen	De jongens begrijpt	begrijpen	begrijpt	1	2	plural	De jongens begrijpen de persoon.
De jongens vertrouwen	De jongens vertrouwt	vertrouwen	vertrouwt	1	2	plural	De jongens vertrouwen de persoon.
De jongens verleiden	De jongens verleidt	verleiden	verleidt	1	2	plural	De jongens verleiden de persoon.
De jongens zien	De jongens ziet	zien	ziet	1	2	plural	De jongens zien de persoon.
De jongens vermijden	De jongens vermijdt	vermijden	vermijdt	1	2	plural	De jongens vermijden de persoon.
De jongens onderzoeken	De jongens onderzoekt	onderzoeken	onderzoekt	1	2	plural	De jongens onderzoeken de persoon.
De jongens groeten	De jongens groet	groeten	groet	1	2	plural	De jongens groeten de persoon.
De jongens stimuleren	De jongens stimuleert	stimuleren	stimuleert	1	2	plural	De jongens stimuleren de persoon.
De jongens herkennen	De jongens herkent	herkennen	herkent	1	2	plural	De jongens herkennen de persoon.
De jongens horen	De jongens hoort	horen	hoort	1	2	plural	De jongens horen de persoon.
De jongens bekritiseren	De jongens bekritiseert	bekritiseren	bekritiseert	1	2	plural	De jongens bekritiseren de persoon.
De jongens kennen	De jongens kent	kennen	kent	1	2	plural	De jongens kennen de persoon.
De jongens roepen	De jongens roept	roepen	roept	1	2	plural	De jongens roepen de persoon.
De jongens missen	De jongens mist	missen	mist	1	2	plural	De jongens missen de persoon.
De personen begrijpen	De personen begrijpt	begrijpen	begrijpt	1	2	plural	De personen begrijpen de persoon.
De personen vertrouwen	De personen vertrouwt	vertrouwen	vertrouwt	1	2	plural	De personen vertrouwen de persoon.
De personen verleiden	De personen verleidt	verleiden	verleidt	1	2	plural	De personen verleiden de persoon.
De personen zien	De personen ziet	zien	ziet	1	2	plural	De personen zien de persoon.
De personen vermijden	De personen vermijdt	vermijden	vermijdt	1	2	plural	De personen vermijden de persoon.
De personen onderzoeken	De personen onderzoekt	onderzoeken	onderzoekt	1	2	plural	De personen onderzoeken de persoon.
De personen groeten	De personen groet	groeten	groet	1	2	plural	De personen groeten de persoon.
De personen stimuleren	De personen stimuleert	stimuleren	stimuleert	1	2	plural	De personen stimuleren de persoon.
De personen herkennen	De personen herkent	herkennen	herkent	1	2	plural	De personen herkennen de persoon.
De personen horen	De personen hoort	horen	hoort	1	2	plural	De personen horen de persoon.
De personen bekritiseren	De personen bekritiseert	bekritiseren	bekritiseert	1	2	plural	De personen bekritiseren de persoon.
De personen kennen	De personen kent	kennen	kent	1	2	plural	De personen kennen de persoon.
De personen roepen	De personen roept	roepen	roept	1	2	plural	De personen roepen de persoon.
De personen missen	De personen mist	missen	mist	1	2	plural	De personen missen de persoon.
De zangers begrijpen	De zangers begrijpt	begrijpen	begrijpt	1	2	plural	De zangers begrijpen de persoon.
De zangers vertrouwen	De zangers vertrouwt	vertrouwen	vertrouwt	1	2	plural	De zangers vertrouwen de persoon.
De zangers verleiden	De zangers verleidt	verleiden	verleidt	1	2	plural	De zangers verleiden de persoon.
De zangers zien	De zangers ziet	zien	ziet	1	2	plural	De zangers zien de persoon.
De zangers vermijden	De zangers vermijdt	vermijden	vermijdt	1	2	plural	De zangers vermijden de persoon.
De zangers onderzoeken	De zangers onderzoekt	onderzoeken	onderzoekt	1	2	plural	De zangers onderzoeken de persoon.
De zangers groeten	De zangers groet	groeten	groet	1	2	plural	De zangers groeten de persoon.
De zangers stimuleren	De zangers stimuleert	stimuleren	stimuleert	1	2	plural	De zangers stimuleren de persoon.
De zangers herkennen	De zangers herkent	herkennen	herkent	1	2	plural	De zangers herkennen de persoon.
De zangers horen	De zangers hoort	horen	hoort	1	2	plural	De zangers horen de persoon.
De zangers bekritiseren	De zangers bekritiseert	bekritiseren	bekritiseert	1	2	plural	De zangers bekritiseren de persoon.
De zangers kennen	De zangers kent	kennen	kent	1	2	plural	De zangers kennen de persoon.
De zangers roepen	De zangers roept	roepen	roept	1	2	plural	De zangers roepen de persoon.
De zangers missen	De zangers mist	missen	mist	1	2	plural	De zangers missen de persoon.
De moeders begrijpen	De moeders begrijpt	begrijpen	begrijpt	1	2	plural	De moeders begrijpen de persoon.
De moeders vertrouwen	De moeders vertrouwt	vertrouwen	vertrouwt	1	2	plural	De moeders vertrouwen de persoon.
De moeders verleiden	De moeders verleidt	verleiden	verleidt	1	2	plural	De moeders verleiden de persoon.
De moeders zien	De moeders ziet	zien	ziet	1	2	plural	De moeders zien de persoon.
De moeders vermijden	De moeders vermijdt	vermijden	vermijdt	1	2	plural	De moeders vermijden de persoon.
De moeders onderzoeken	De moeders onderzoekt	onderzoeken	onderzoekt	1	2	plural	De moeders onderzoeken de persoon.
De moeders groeten	De moeders groet	groeten	groet	1	2	plural	De moeders groeten de persoon.
De moeders stimuleren	De moeders stimuleert	stimuleren	stimuleert	1	2	plural	De moeders stimuleren de persoon.
De moeders herkennen	De moeders herkent	herkennen	herkent	1	2	plural	De moeders herkennen de persoon.
De moeders horen	De moeders hoort	horen	hoort	1	2	plural	De moeders horen de persoon.
De moeders bekritiseren	De moeders bekritiseert	bekritiseren	bekritiseert	1	2	plural	De moeders bekritiseren de persoon.
De moeders kennen	De moeders kent	kennen	kent	1	2	plural	De moeders kennen de persoon.
De moeders roepen	De moeders roept	roepen	roept	1	2	plural	De moeders roepen de persoon.
De moeders missen	De moeders mist	missen	mist	1	2	plural	De moeders missen de persoon.
De dichters begrijpen	De dichters begrijpt	begrijpen	begrijpt	1	2	plural	De dichters begrijpen de persoon.
De dichters vertrouwen	De dichters vertrouwt	vertrouwen	vertrouwt	1	2	plural	De dichters vertrouwen de persoon.
De dichters verleiden	De dichters verleidt	verleiden	verleidt	1	2	plural	De dichters verleiden de persoon.
De dichters zien	De dichters ziet	zien	ziet	1	2	plural	De dichters zien de persoon.
De dichters vermijden	De dichters vermijdt	vermijden	vermijdt	1	2	plural	De dichters vermijden de persoon.
De dichters onderzoeken	De dichters onderzoekt	onderzoeken	onderzoekt	1	2	plural	De dichters onderzoeken de persoon.
De dichters groeten	De dichters groet	groeten	groet	1	2	plural	De dichters groeten de persoon.
De dichters stimuleren	De dichters stimuleert	stimuleren	stimuleert	1	2	plural	De dichters stimuleren de persoon.
De dichters herkennen	De dichters herkent	herkennen	herkent	1	2	plural	De dichters herkennen de persoon.
De dichters horen	De dichters hoort	horen	hoort	1	2	plural	De dichters horen de persoon.
De dichters bekritiseren	De dichters bekritiseert	bekritiseren	bekritiseert	1	2	plural	De dichters bekritiseren de persoon.
De dichters kennen	De dichters kent	kennen	kent	1	2	plural	De dichters kennen de persoon.
De dichters roepen	De dichters roept	roepen	roept	1	2	plural	De dichters roepen de persoon.
De dichters missen	De dichters mist	missen	mist	1	2	plural	De dichters missen de persoon.
De advocaten begrijpen	De advocaten begrijpt	begrijpen	begrijpt	1	2	plural	De advocaten begrijpen de persoon.
De advocaten vertrouwen	De advocaten vertrouwt	vertrouwen	vertrouwt	1	2	plural	De advocaten vertrouwen de persoon.
De advocaten verleiden	De advocaten verleidt	verleiden	verleidt	1	2	plural	De advocaten verleiden de persoon.
De advocaten zien	De advocaten ziet	zien	ziet	1	2	plural	De advocaten zien de persoon.
De advocaten vermijden	De advocaten vermijdt	vermijden	vermijdt	1	2	plural	De advocaten vermijden de persoon.
De advocaten onderzoeken	De advocaten onderzoekt	onderzoeken	onderzoekt	1	2	plural	De advocaten onderzoeken de persoon.
De advocaten groeten	De advocaten groet	groeten	groet	1	2	plural	De advocaten groeten de persoon.
De advocaten stimuleren	De advocaten stimuleert	stimuleren	stimuleert	1	2	plural	De advocaten stimuleren de persoon.
De advocaten herkennen	De advocaten herkent	herkennen	herkent	1	2	plural	De advocaten herkennen de persoon.
De advocaten horen	De advocaten hoort	horen	hoort	1	2	plural	De advocaten horen de persoon.
De advocaten bekritiseren	De advocaten bekritiseert	bekritiseren	bekritiseert	1	2	plural	De advocaten bekritiseren de persoon.
De advocaten kennen	De advocaten kent	kennen	kent	1	2	plural	De advocaten kennen de persoon.
De advocaten roepen	De advocaten roept	roepen	roept	1	2	plural	De advocaten roepen de persoon.
De advocaten missen	De advocaten mist	missen	mist	1	2	plural	De advocaten missen de persoon.
De tantes begrijpen	De tantes begrijpt	begrijpen	begrijpt	1	2	plural	De tantes begrijpen de persoon.
De tantes vertrouwen	De tantes vertrouwt	vertrouwen	vertrouwt	1	2	plural	De tantes vertrouwen de persoon.
De tantes verleiden	De tantes verleidt	verleiden	verleidt	1	2	plural	De tantes verleiden de persoon.
De tantes zien	De tantes ziet	zien	ziet	1	2	plural	De tantes zien de persoon.
De tantes vermijden	De tantes vermijdt	vermijden	vermijdt	1	2	plural	De tantes vermijden de persoon.
De tantes onderzoeken	De tantes onderzoekt	onderzoeken	onderzoekt	1	2	plural	De tantes onderzoeken de persoon.
De tantes groeten	De tantes groet	groeten	groet	1	2	plural	De tantes groeten de persoon.
De tantes stimuleren	De tantes stimuleert	stimuleren	stimuleert	1	2	plural	De tantes stimuleren de persoon.
De tantes herkennen	De tantes herkent	herkennen	herkent	1	2	plural	De tantes herkennen de persoon.
De tantes horen	De tantes hoort	horen	hoort	1	2	plural	De tantes horen de persoon.
De tantes bekritiseren	De tantes bekritiseert	bekritiseren	bekritiseert	1	2	plural	De tantes bekritiseren de persoon.
De tantes kennen	De tantes kent	kennen	kent	1	2	plural	De tantes kennen de persoon.
De tantes roepen	De tantes roept	roepen	roept	1	2	plural	De tantes roepen de persoon.
De tantes missen	De tantes mist	missen	mist	1	2	plural	De tantes missen de persoon.
De mannen begrijpen	De mannen begrijpt	begrijpen	begrijpt	1	2	plural	De mannen begrijpen de persoon.
De mannen vertrouwen	De mannen vertrouwt	vertrouwen	vertrouwt	1	2	plural	De mannen vertrouwen de persoon.
De mannen verleiden	De mannen verleidt	verleiden	verleidt	1	2	plural	De mannen verleiden de persoon.
De mannen zien	De mannen ziet	zien	ziet	1	2	plural	De mannen zien de persoon.
De mannen vermijden	De mannen vermijdt	vermijden	vermijdt	1	2	plural	De mannen vermijden de persoon.
De mannen onderzoeken	De mannen onderzoekt	onderzoeken	onderzoekt	1	2	plural	De mannen onderzoeken de persoon.
De mannen groeten	De mannen groet	groeten	groet	1	2	plural	De mannen groeten de persoon.
De mannen stimuleren	De mannen stimuleert	stimuleren	stimuleert	1	2	plural	De mannen stimuleren de persoon.
De mannen herkennen	De mannen herkent	herkennen	herkent	1	2	plural	De mannen herkennen de persoon.
De mannen horen	De mannen hoort	horen	hoort	1	2	plural	De mannen horen de persoon.
De mannen bekritiseren	De mannen bekritiseert	bekritiseren	bekritiseert	1	2	plural	De mannen bekritiseren de persoon.
De mannen kennen	De mannen kent	kennen	kent	1	2	plural	De mannen kennen de persoon.
De mannen roepen	De mannen roept	roepen	roept	1	2	plural	De mannen roepen de persoon.
De mannen missen	De mannen mist	missen	mist	1	2	plural	De mannen missen de persoon.
De vaders begrijpen	De vaders begrijpt	begrijpen	begrijpt	1	2	plural	De vaders begrijpen de persoon.
De vaders vertrouwen	De vaders vertrouwt	vertrouwen	vertrouwt	1	2	plural	De vaders vertrouwen de persoon.
De vaders verleiden	De vaders verleidt	verleiden	verleidt	1	2	plural	De vaders verleiden de persoon.
De vaders zien	De vaders ziet	zien	ziet	1	2	plural	De vaders zien de persoon.
De vaders vermijden	De vaders vermijdt	vermijden	vermijdt	1	2	plural	De vaders vermijden de persoon.
De vaders onderzoeken	De vaders onderzoekt	onderzoeken	onderzoekt	1	2	plural	De vaders onderzoeken de persoon.
De vaders groeten	De vaders groet	groeten	groet	1	2	plural	De vaders groeten de persoon.
De vaders stimuleren	De vaders stimuleert	stimuleren	stimuleert	1	2	plural	De vaders stimuleren de persoon.
De vaders herkennen	De vaders herkent	herkennen	herkent	1	2	plural	De vaders herkennen de persoon.
De vaders horen	De vaders hoort	horen	hoort	1	2	plural	De vaders horen de persoon.
De vaders bekritiseren	De vaders bekritiseert	bekritiseren	bekritiseert	1	2	plural	De vaders bekritiseren de persoon.
De vaders kennen	De vaders kent	kennen	kent	1	2	plural	De vaders kennen de persoon.
De vaders roepen	De vaders roept	roepen	roept	1	2	plural	De vaders roepen de persoon.
De vaders missen	De vaders mist	missen	mist	1	2	plural	De vaders missen de persoon.
De dokters begrijpen	De dokters begrijpt	begrijpen	begrijpt	1	2	plural	De dokters begrijpen de persoon.
De dokters vertrouwen	De dokters vertrouwt	vertrouwen	vertrouwt	1	2	plural	De dokters vertrouwen de persoon.
De dokters verleiden	De dokters verleidt	verleiden	verleidt	1	2	plural	De dokters verleiden de persoon.
De dokters zien	De dokters ziet	zien	ziet	1	2	plural	De dokters zien de persoon.
De dokters vermijden	De dokters vermijdt	vermijden	vermijdt	1	2	plural	De dokters vermijden de persoon.
De dokters onderzoeken	De dokters onderzoekt	onderzoeken	onderzoekt	1	2	plural	De dokters onderzoeken de persoon.
De dokters groeten	De dokters groet	groeten	groet	1	2	plural	De dokters groeten de persoon.
De dokters stimuleren	De dokters stimuleert	stimuleren	stimuleert	1	2	plural	De dokters stimuleren de persoon.
De dokters herkennen	De dokters herkent	herkennen	herkent	1	2	plural	De dokters herkennen de persoon.
De dokters horen	De dokters hoort	horen	hoort	1	2	plural	De dokters horen de persoon.
De dokters bekritiseren	De dokters bekritiseert	bekritiseren	bekritiseert	1	2	plural	De dokters bekritiseren de persoon.
De dokters kennen	De dokters kent	kennen	kent	1	2	plural	De dokters kennen de persoon.
De dokters roepen	De dokters roept	roepen	roept	1	2	plural	De dokters roepen de persoon.
De dokters missen	De dokters mist	missen	mist	1	2	plural	De dokters missen de persoon.
De vrienden begrijpen	De vrienden begrijpt	begrijpen	begrijpt	1	2	plural	De vrienden begrijpen de persoon.
De vrienden vertrouwen	De vrienden vertrouwt	vertrouwen	vertrouwt	1	2	plural	De vrienden vertrouwen de persoon.
De vrienden verleiden	De vrienden verleidt	verleiden	verleidt	1	2	plural	De vrienden verleiden de persoon.
De vrienden zien	De vrienden ziet	zien	ziet	1	2	plural	De vrienden zien de persoon.
De vrienden vermijden	De vrienden vermijdt	vermijden	vermijdt	1	2	plural	De vrienden vermijden de persoon.
De vrienden onderzoeken	De vrienden onderzoekt	onderzoeken	onderzoekt	1	2	plural	De vrienden onderzoeken de persoon.
De vrienden groeten	De vrienden groet	groeten	groet	1	2	plural	De vrienden groeten de persoon.
De vrienden stimuleren	De vrienden stimuleert	stimuleren	stimuleert	1	2	plural	De vrienden stimuleren de persoon.
De vrienden herkennen	De vrienden herkent	herkennen	herkent	1	2	plural	De vrienden herkennen de persoon.
De vrienden horen	De vrienden hoort	horen	hoort	1	2	plural	De vrienden horen de persoon.
De vrienden bekritiseren	De vrienden bekritiseert	bekritiseren	bekritiseert	1	2	plural	De vrienden bekritiseren de persoon.
De vrienden kennen	De vrienden kent	kennen	kent	1	2	plural	De vrienden kennen de persoon.
De vrienden roepen	De vrienden roept	roepen	roept	1	2	plural	De vrienden roepen de persoon.
De vrienden missen	De vrienden mist	missen	mist	1	2	plural	De vrienden missen de persoon.
De boeren begrijpen	De boeren begrijpt	begrijpen	begrijpt	1	2	plural	De boeren begrijpen de persoon.
De boeren vertrouwen	De boeren vertrouwt	vertrouwen	vertrouwt	1	2	plural	De boeren vertrouwen de persoon.
De boeren verleiden	De boeren verleidt	verleiden	verleidt	1	2	plural	De boeren verleiden de persoon.
De boeren zien	De boeren ziet	zien	ziet	1	2	plural	De boeren zien de persoon.
De boeren vermijden	De boeren vermijdt	vermijden	vermijdt	1	2	plural	De boeren vermijden de persoon.
De boeren onderzoeken	De boeren onderzoekt	onderzoeken	onderzoekt	1	2	plural	De boeren onderzoeken de persoon.
De boeren groeten	De boeren groet	groeten	groet	1	2	plural	De boeren groeten de persoon.
De boeren stimuleren	De boeren stimuleert	stimuleren	stimuleert	1	2	plural	De boeren stimuleren de persoon.
De boeren herkennen	De boeren herkent	herkennen	herkent	1	2	plural	De boeren herkennen de persoon.
De boeren horen	De boeren hoort	horen	hoort	1	2	plural	De boeren horen de persoon.
De boeren bekritiseren	De boeren bekritiseert	bekritiseren	bekritiseert	1	2	plural	De boeren bekritiseren de persoon.
De boeren kennen	De boeren kent	kennen	kent	1	2	plural	De boeren kennen de persoon.
De boeren roepen	De boeren roept	roepen	roept	1	2	plural	De boeren roepen de persoon.
De boeren missen	De boeren mist	missen	mist	1	2	plural	De boeren missen de persoon.
De schrijvers begrijpen	De schrijvers begrijpt	begrijpen	begrijpt	1	2	plural	De schrijvers begrijpen de persoon.
De schrijvers vertrouwen	De schrijvers vertrouwt	vertrouwen	vertrouwt	1	2	plural	De schrijvers vertrouwen de persoon.
De schrijvers verleiden	De schrijvers verleidt	verleiden	verleidt	1	2	plural	De schrijvers verleiden de persoon.
De schrijvers zien	De schrijvers ziet	zien	ziet	1	2	plural	De schrijvers zien de persoon.
De schrijvers vermijden	De schrijvers vermijdt	vermijden	vermijdt	1	2	plural	De schrijvers vermijden de persoon.
De schrijvers onderzoeken	De schrijvers onderzoekt	onderzoeken	onderzoekt	1	2	plural	De schrijvers onderzoeken de persoon.
De schrijvers groeten	De schrijvers groet	groeten	groet	1	2	plural	De schrijvers groeten de persoon.
De schrijvers stimuleren	De schrijvers stimuleert	stimuleren	stimuleert	1	2	plural	De schrijvers stimuleren de persoon.
De schrijvers herkennen	De schrijvers herkent	herkennen	herkent	1	2	plural	De schrijvers herkennen de persoon.
De schrijvers horen	De schrijvers hoort	horen	hoort	1	2	plural	De schrijvers horen de persoon.
De schrijvers bekritiseren	De schrijvers bekritiseert	bekritiseren	bekritiseert	1	2	plural	De schrijvers bekritiseren de persoon.
De schrijvers kennen	De schrijvers kent	kennen	kent	1	2	plural	De schrijvers kennen de persoon.
De schrijvers roepen	De schrijvers roept	roepen	roept	1	2	plural	De schrijvers roepen de persoon.
De schrijvers missen	De schrijvers mist	missen	mist	1	2	plural	De schrijvers missen de persoon.
De leraren begrijpen	De leraren begrijpt	begrijpen	begrijpt	1	2	plural	De leraren begrijpen de persoon.
De leraren vertrouwen	De leraren vertrouwt	vertrouwen	vertrouwt	1	2	plural	De leraren vertrouwen de persoon.
De leraren verleiden	De leraren verleidt	verleiden	verleidt	1	2	plural	De leraren verleiden de persoon.
De leraren zien	De leraren ziet	zien	ziet	1	2	plural	De leraren zien de persoon.
De leraren vermijden	De leraren vermijdt	vermijden	vermijdt	1	2	plural	De leraren vermijden de persoon.
De leraren onderzoeken	De leraren onderzoekt	onderzoeken	onderzoekt	1	2	plural	De leraren onderzoeken de persoon.
De leraren groeten	De leraren groet	groeten	groet	1	2	plural	De leraren groeten de persoon.
De leraren stimuleren	De leraren stimuleert	stimuleren	stimuleert	1	2	plural	De leraren stimuleren de persoon.
De leraren herkennen	De leraren herkent	herkennen	herkent	1	2	plural	De leraren herkennen de persoon.
De leraren horen	De leraren hoort	horen	hoort	1	2	plural	De leraren horen de persoon.
De leraren bekritiseren	De leraren bekritiseert	bekritiseren	bekritiseert	1	2	plural	De leraren bekritiseren de persoon.
De leraren kennen	De leraren kent	kennen	kent	1	2	plural	De leraren kennen de persoon.
De leraren roepen	De leraren roept	roepen	roept	1	2	plural	De leraren roepen de persoon.
De leraren missen	De leraren mist	missen	mist	1	2	plural	De leraren missen de persoon.
De vrouwen begrijpen	De vrouwen begrijpt	begrijpen	begrijpt	1	2	plural	De vrouwen begrijpen de persoon.
De vrouwen vertrouwen	De vrouwen vertrouwt	vertrouwen	vertrouwt	1	2	plural	De vrouwen vertrouwen de persoon.
De vrouwen verleiden	De vrouwen verleidt	verleiden	verleidt	1	2	plural	De vrouwen verleiden de persoon.
De vrouwen zien	De vrouwen ziet	zien	ziet	1	2	plural	De vrouwen zien de persoon.
De vrouwen vermijden	De vrouwen vermijdt	vermijden	vermijdt	1	2	plural	De vrouwen vermijden de persoon.
De vrouwen onderzoeken	De vrouwen onderzoekt	onderzoeken	onderzoekt	1	2	plural	De vrouwen onderzoeken de persoon.
De vrouwen groeten	De vrouwen groet	groeten	groet	1	2	plural	De vrouwen groeten de persoon.
De vrouwen stimuleren	De vrouwen stimuleert	stimuleren	stimuleert	1	2	plural	De vrouwen stimuleren de persoon.
De vrouwen herkennen	De vrouwen herkent	herkennen	herkent	1	2	plural	De vrouwen herkennen de persoon.
De vrouwen horen	De vrouwen hoort	horen	hoort	1	2	plural	De vrouwen horen de persoon.
De vrouwen bekritiseren	De vrouwen bekritiseert	bekritiseren	bekritiseert	1	2	plural	De vrouwen bekritiseren de persoon.
De vrouwen kennen	De vrouwen kent	kennen	kent	1	2	plural	De vrouwen kennen de persoon.
De vrouwen roepen	De vrouwen roept	roepen	roept	1	2	plural	De vrouwen roepen de persoon.
De vrouwen missen	De vrouwen mist	missen	mist	1	2	plural	De vrouwen missen de persoon.
De atleten begrijpen	De atleten begrijpt	begrijpen	begrijpt	1	2	plural	De atleten begrijpen de persoon.
De atleten vertrouwen	De atleten vertrouwt	vertrouwen	vertrouwt	1	2	plural	De atleten vertrouwen de persoon.
De atleten verleiden	De atleten verleidt	verleiden	verleidt	1	2	plural	De atleten verleiden de persoon.
De atleten zien	De atleten ziet	zien	ziet	1	2	plural	De atleten zien de persoon.
De atleten vermijden	De atleten vermijdt	vermijden	vermijdt	1	2	plural	De atleten vermijden de persoon.
De atleten onderzoeken	De atleten onderzoekt	onderzoeken	onderzoekt	1	2	plural	De atleten onderzoeken de persoon.
De atleten groeten	De atleten groet	groeten	groet	1	2	plural	De atleten groeten de persoon.
De atleten stimuleren	De atleten stimuleert	stimuleren	stimuleert	1	2	plural	De atleten stimuleren de persoon.
De atleten herkennen	De atleten herkent	herkennen	herkent	1	2	plural	De atleten herkennen de persoon.
De atleten horen	De atleten hoort	horen	hoort	1	2	plural	De atleten horen de persoon.
De atleten bekritiseren	De atleten bekritiseert	bekritiseren	bekritiseert	1	2	plural	De atleten bekritiseren de persoon.
De atleten kennen	De atleten kent	kennen	kent	1	2	plural	De atleten kennen de persoon.
De atleten roepen	De atleten roept	roepen	roept	1	2	plural	De atleten roepen de persoon.
De atleten missen	De atleten mist	missen	mist	1	2	plural	De atleten missen de persoon.
